{
  "0": {
    "precision": 0.925531914893617,
    "recall": 0.8787878787878788,
    "f1-score": 0.9015544041450777,
    "support": 297.0
  },
  "1": {
    "precision": 0.47058823529411764,
    "recall": 0.6037735849056604,
    "f1-score": 0.5289256198347108,
    "support": 53.0
  },
  "accuracy": 0.8371428571428572,
  "macro avg": {
    "precision": 0.6980600750938672,
    "recall": 0.7412807318467696,
    "f1-score": 0.7152400119898943,
    "support": 350.0
  },
  "weighted avg": {
    "precision": 0.856640443411407,
    "recall": 0.8371428571428572,
    "f1-score": 0.8451277596637936,
    "support": 350.0
  }
}