{
  "0": {
    "precision": 0.9224137931034483,
    "recall": 0.7205387205387206,
    "f1-score": 0.8090737240075614,
    "support": 297.0
  },
  "1": {
    "precision": 0.2966101694915254,
    "recall": 0.660377358490566,
    "f1-score": 0.4093567251461988,
    "support": 53.0
  },
  "accuracy": 0.7114285714285714,
  "macro avg": {
    "precision": 0.6095119812974868,
    "recall": 0.6904580395146434,
    "f1-score": 0.60921522457688,
    "support": 350.0
  },
  "weighted avg": {
    "precision": 0.8276492443850714,
    "recall": 0.7114285714285715,
    "f1-score": 0.7485451498942693,
    "support": 350.0
  }
}