{
  "0": {
    "precision": 0.9554455445544554,
    "recall": 0.6498316498316499,
    "f1-score": 0.7735470941883767,
    "support": 297.0
  },
  "1": {
    "precision": 0.2972972972972973,
    "recall": 0.8301886792452831,
    "f1-score": 0.43781094527363185,
    "support": 53.0
  },
  "accuracy": 0.6771428571428572,
  "macro avg": {
    "precision": 0.6263714209258764,
    "recall": 0.7400101645384665,
    "f1-score": 0.6056790197310042,
    "support": 350.0
  },
  "weighted avg": {
    "precision": 0.8557830956840858,
    "recall": 0.6771428571428572,
    "f1-score": 0.7227070487812868,
    "support": 350.0
  }
}