{
  "0": {
    "precision": 0.9488372093023256,
    "recall": 0.6868686868686869,
    "f1-score": 0.796875,
    "support": 297.0
  },
  "1": {
    "precision": 0.3111111111111111,
    "recall": 0.7924528301886793,
    "f1-score": 0.44680851063829785,
    "support": 53.0
  },
  "accuracy": 0.7028571428571428,
  "macro avg": {
    "precision": 0.6299741602067184,
    "recall": 0.7396607585286831,
    "f1-score": 0.6218417553191489,
    "support": 350.0
  },
  "weighted avg": {
    "precision": 0.8522672572905131,
    "recall": 0.7028571428571428,
    "f1-score": 0.7438649316109422,
    "support": 350.0
  }
}