{
  "0": {
    "precision": 0.9384615384615385,
    "recall": 0.6161616161616161,
    "f1-score": 0.7439024390243902,
    "support": 297.0
  },
  "1": {
    "precision": 0.2645161290322581,
    "recall": 0.7735849056603774,
    "f1-score": 0.3942307692307692,
    "support": 53.0
  },
  "accuracy": 0.64,
  "macro avg": {
    "precision": 0.6014888337468982,
    "recall": 0.6948732609109968,
    "f1-score": 0.5690666041275797,
    "support": 350.0
  },
  "weighted avg": {
    "precision": 0.8364069478908188,
    "recall": 0.64,
    "f1-score": 0.690952157598499,
    "support": 350.0
  }
}