{
  "0": {
    "precision": 0.8551724137931035,
    "recall": 0.835016835016835,
    "f1-score": 0.8449744463373083,
    "support": 297.0
  },
  "1": {
    "precision": 0.18333333333333332,
    "recall": 0.20754716981132076,
    "f1-score": 0.19469026548672566,
    "support": 53.0
  },
  "accuracy": 0.74,
  "macro avg": {
    "precision": 0.5192528735632184,
    "recall": 0.5212820024140778,
    "f1-score": 0.519832355912017,
    "support": 350.0
  },
  "weighted avg": {
    "precision": 0.7534367816091955,
    "recall": 0.74,
    "f1-score": 0.7465028418085058,
    "support": 350.0
  }
}