{
  "0": {
    "precision": 0.9560975609756097,
    "recall": 0.6599326599326599,
    "f1-score": 0.7808764940239044,
    "support": 297.0
  },
  "1": {
    "precision": 0.30344827586206896,
    "recall": 0.8301886792452831,
    "f1-score": 0.4444444444444444,
    "support": 53.0
  },
  "accuracy": 0.6857142857142857,
  "macro avg": {
    "precision": 0.6297729184188393,
    "recall": 0.7450606695889714,
    "f1-score": 0.6126604692341744,
    "support": 350.0
  },
  "weighted avg": {
    "precision": 0.8572678120869879,
    "recall": 0.6857142857142857,
    "f1-score": 0.7299310693733004,
    "support": 350.0
  }
}