{
  "0": {
    "precision": 0.8588588588588588,
    "recall": 0.9629629629629629,
    "f1-score": 0.9079365079365079,
    "support": 297.0
  },
  "1": {
    "precision": 0.35294117647058826,
    "recall": 0.11320754716981132,
    "f1-score": 0.17142857142857143,
    "support": 53.0
  },
  "accuracy": 0.8342857142857143,
  "macro avg": {
    "precision": 0.6059000176647236,
    "recall": 0.5380852550663872,
    "f1-score": 0.5396825396825397,
    "support": 350.0
  },
  "weighted avg": {
    "precision": 0.7822484669543494,
    "recall": 0.8342857142857143,
    "f1-score": 0.7964081632653061,
    "support": 350.0
  }
}