{
  "0": {
    "precision": 0.906896551724138,
    "recall": 0.8855218855218855,
    "f1-score": 0.8960817717206133,
    "support": 297.0
  },
  "1": {
    "precision": 0.43333333333333335,
    "recall": 0.49056603773584906,
    "f1-score": 0.46017699115044247,
    "support": 53.0
  },
  "accuracy": 0.8257142857142857,
  "macro avg": {
    "precision": 0.6701149425287356,
    "recall": 0.6880439616288673,
    "f1-score": 0.6781293814355279,
    "support": 350.0
  },
  "weighted avg": {
    "precision": 0.8351855500821018,
    "recall": 0.8257142857142857,
    "f1-score": 0.8300733335199874,
    "support": 350.0
  }
}