{
  "0": {
    "precision": 0.9304029304029304,
    "recall": 0.8552188552188552,
    "f1-score": 0.8912280701754386,
    "support": 297.0
  },
  "1": {
    "precision": 0.44155844155844154,
    "recall": 0.6415094339622641,
    "f1-score": 0.5230769230769231,
    "support": 53.0
  },
  "accuracy": 0.8228571428571428,
  "macro avg": {
    "precision": 0.685980685980686,
    "recall": 0.7483641445905597,
    "f1-score": 0.7071524966261808,
    "support": 350.0
  },
  "weighted avg": {
    "precision": 0.8563779078064793,
    "recall": 0.8228571428571428,
    "f1-score": 0.8354794679005205,
    "support": 350.0
  }
}