{
  "0": {
    "precision": 0.9532710280373832,
    "recall": 0.6868686868686869,
    "f1-score": 0.7984344422700587,
    "support": 297.0
  },
  "1": {
    "precision": 0.3161764705882353,
    "recall": 0.8113207547169812,
    "f1-score": 0.455026455026455,
    "support": 53.0
  },
  "accuracy": 0.7057142857142857,
  "macro avg": {
    "precision": 0.6347237493128093,
    "recall": 0.749094720792834,
    "f1-score": 0.6267304486482568,
    "support": 350.0
  },
  "weighted avg": {
    "precision": 0.8567967093379408,
    "recall": 0.7057142857142857,
    "f1-score": 0.7464326613445986,
    "support": 350.0
  }
}