{
  "0": {
    "precision": 0.9191919191919192,
    "recall": 0.9191919191919192,
    "f1-score": 0.9191919191919192,
    "support": 297.0
  },
  "1": {
    "precision": 0.5471698113207547,
    "recall": 0.5471698113207547,
    "f1-score": 0.5471698113207547,
    "support": 53.0
  },
  "accuracy": 0.8628571428571429,
  "macro avg": {
    "precision": 0.733180865256337,
    "recall": 0.733180865256337,
    "f1-score": 0.733180865256337,
    "support": 350.0
  },
  "weighted avg": {
    "precision": 0.8628571428571429,
    "recall": 0.8628571428571429,
    "f1-score": 0.8628571428571429,
    "support": 350.0
  }
}