{
  "0": {
    "precision": 0.9556650246305419,
    "recall": 0.6531986531986532,
    "f1-score": 0.776,
    "support": 297.0
  },
  "1": {
    "precision": 0.29931972789115646,
    "recall": 0.8301886792452831,
    "f1-score": 0.44,
    "support": 53.0
  },
  "accuracy": 0.68,
  "macro avg": {
    "precision": 0.6274923762608492,
    "recall": 0.7416936662219682,
    "f1-score": 0.608,
    "support": 350.0
  },
  "weighted avg": {
    "precision": 0.8562755939814349,
    "recall": 0.68,
    "f1-score": 0.72512,
    "support": 350.0
  }
}