{
  "0": {
    "precision": 0.9385964912280702,
    "recall": 0.7205387205387206,
    "f1-score": 0.8152380952380952,
    "support": 297.0
  },
  "1": {
    "precision": 0.319672131147541,
    "recall": 0.7358490566037735,
    "f1-score": 0.44571428571428573,
    "support": 53.0
  },
  "accuracy": 0.7228571428571429,
  "macro avg": {
    "precision": 0.6291343111878056,
    "recall": 0.7281938885712471,
    "f1-score": 0.6304761904761904,
    "support": 350.0
  },
  "weighted avg": {
    "precision": 0.844873659558733,
    "recall": 0.722857142857143,
    "f1-score": 0.7592816326530613,
    "support": 350.0
  }
}