{
  "0": {
    "precision": 0.9391304347826087,
    "recall": 0.7272727272727273,
    "f1-score": 0.8197343453510436,
    "support": 297.0
  },
  "1": {
    "precision": 0.325,
    "recall": 0.7358490566037735,
    "f1-score": 0.4508670520231214,
    "support": 53.0
  },
  "accuracy": 0.7285714285714285,
  "macro avg": {
    "precision": 0.6320652173913044,
    "recall": 0.7315608919382504,
    "f1-score": 0.6353006986870825,
    "support": 350.0
  },
  "weighted avg": {
    "precision": 0.8461335403726709,
    "recall": 0.7285714285714285,
    "f1-score": 0.7638772980756724,
    "support": 350.0
  }
}