{
  "0": {
    "precision": 0.9260869565217391,
    "recall": 0.7171717171717171,
    "f1-score": 0.8083491461100569,
    "support": 297.0
  },
  "1": {
    "precision": 0.3,
    "recall": 0.6792452830188679,
    "f1-score": 0.4161849710982659,
    "support": 53.0
  },
  "accuracy": 0.7114285714285714,
  "macro avg": {
    "precision": 0.6130434782608696,
    "recall": 0.6982085000952925,
    "f1-score": 0.6122670586041614,
    "support": 350.0
  },
  "weighted avg": {
    "precision": 0.83127950310559,
    "recall": 0.7114285714285714,
    "f1-score": 0.7489642853225572,
    "support": 350.0
  }
}