{
  "0": {
    "precision": 0.9473684210526315,
    "recall": 0.6666666666666666,
    "f1-score": 0.782608695652174,
    "support": 297.0
  },
  "1": {
    "precision": 0.2978723404255319,
    "recall": 0.7924528301886793,
    "f1-score": 0.4329896907216495,
    "support": 53.0
  },
  "accuracy": 0.6857142857142857,
  "macro avg": {
    "precision": 0.6226203807390818,
    "recall": 0.729559748427673,
    "f1-score": 0.6077991931869118,
    "support": 350.0
  },
  "weighted avg": {
    "precision": 0.8490161574148135,
    "recall": 0.6857142857142857,
    "f1-score": 0.7296663891912659,
    "support": 350.0
  }
}