{
  "0": {
    "precision": 0.9090909090909091,
    "recall": 0.26936026936026936,
    "f1-score": 0.4155844155844156,
    "support": 297.0
  },
  "1": {
    "precision": 0.1717557251908397,
    "recall": 0.8490566037735849,
    "f1-score": 0.2857142857142857,
    "support": 53.0
  },
  "accuracy": 0.35714285714285715,
  "macro avg": {
    "precision": 0.5404233171408743,
    "recall": 0.5592084365669272,
    "f1-score": 0.35064935064935066,
    "support": 350.0
  },
  "weighted avg": {
    "precision": 0.7974372955288985,
    "recall": 0.35714285714285715,
    "f1-score": 0.3959183673469388,
    "support": 350.0
  }
}