{
  "0": {
    "precision": 0.9433962264150944,
    "recall": 0.8417508417508418,
    "f1-score": 0.8896797153024911,
    "support": 297.0
  },
  "1": {
    "precision": 0.4470588235294118,
    "recall": 0.7169811320754716,
    "f1-score": 0.5507246376811594,
    "support": 53.0
  },
  "accuracy": 0.8228571428571428,
  "macro avg": {
    "precision": 0.695227524972253,
    "recall": 0.7793659869131567,
    "f1-score": 0.7202021764918253,
    "support": 350.0
  },
  "weighted avg": {
    "precision": 0.8682365625495482,
    "recall": 0.8228571428571428,
    "f1-score": 0.8383522321198323,
    "support": 350.0
  }
}