{
  "0": {
    "precision": 0.9414414414414415,
    "recall": 0.7037037037037037,
    "f1-score": 0.8053949903660886,
    "support": 297.0
  },
  "1": {
    "precision": 0.3125,
    "recall": 0.7547169811320755,
    "f1-score": 0.4419889502762431,
    "support": 53.0
  },
  "accuracy": 0.7114285714285714,
  "macro avg": {
    "precision": 0.6269707207207207,
    "recall": 0.7292103424178896,
    "f1-score": 0.6236919703211659,
    "support": 350.0
  },
  "weighted avg": {
    "precision": 0.8462017374517375,
    "recall": 0.7114285714285714,
    "f1-score": 0.7503649328667692,
    "support": 350.0
  }
}