{
  "0": {
    "precision": 0.9521531100478469,
    "recall": 0.67003367003367,
    "f1-score": 0.7865612648221344,
    "support": 297.0
  },
  "1": {
    "precision": 0.3049645390070922,
    "recall": 0.8113207547169812,
    "f1-score": 0.44329896907216493,
    "support": 53.0
  },
  "accuracy": 0.6914285714285714,
  "macro avg": {
    "precision": 0.6285588245274696,
    "recall": 0.7406772123753256,
    "f1-score": 0.6149301169471497,
    "support": 350.0
  },
  "weighted avg": {
    "precision": 0.8541502692902468,
    "recall": 0.6914285714285714,
    "f1-score": 0.7345815457514248,
    "support": 350.0
  }
}