{
  "0": {
    "precision": 0.9303135888501742,
    "recall": 0.898989898989899,
    "f1-score": 0.9143835616438356,
    "support": 297.0
  },
  "1": {
    "precision": 0.5238095238095238,
    "recall": 0.6226415094339622,
    "f1-score": 0.5689655172413793,
    "support": 53.0
  },
  "accuracy": 0.8571428571428571,
  "macro avg": {
    "precision": 0.727061556329849,
    "recall": 0.7608157042119306,
    "f1-score": 0.7416745394426074,
    "support": 350.0
  },
  "weighted avg": {
    "precision": 0.8687572590011614,
    "recall": 0.8571428571428571,
    "f1-score": 0.8620774006343207,
    "support": 350.0
  }
}