{
  "f1_mean": 0.5764486236430196,
  "f1_std": 0.07206099072304067,
  "precision_mean": 0.7181616161616161,
  "precision_std": 0.05596580937681616,
  "recall_mean": 0.4828571428571428,
  "recall_std": 0.07588994962788255,
  "roc_auc_mean": 0.825606713856714,
  "roc_auc_std": 0.03346691470854137,
  "accuracy_mean": 0.8863636363636364,
  "accuracy_std": 0.015212000482437756
}