threshold,f1
0.1,0.4845360824742268
0.15000000000000002,0.5380116959064327
0.2,0.5578231292517006
0.25,0.5925925925925926
0.30000000000000004,0.608
0.35,0.6017699115044248
0.4,0.6226415094339622
0.45000000000000007,0.6138613861386139
0.5,0.6021505376344086
0.55,0.5581395348837209
0.6,0.5
0.65,0.4675324675324675
0.7000000000000001,0.42857142857142855
0.75,0.3939393939393939
0.8,0.36923076923076925
0.85,0.34375
0.9,0.23333333333333334
