{
  "0": {
    "precision": 0.9422222222222222,
    "recall": 0.7138047138047138,
    "f1-score": 0.8122605363984674,
    "support": 297.0
  },
  "1": {
    "precision": 0.32,
    "recall": 0.7547169811320755,
    "f1-score": 0.449438202247191,
    "support": 53.0
  },
  "accuracy": 0.72,
  "macro avg": {
    "precision": 0.6311111111111111,
    "recall": 0.7342608474683947,
    "f1-score": 0.6308493693228292,
    "support": 350.0
  },
  "weighted avg": {
    "precision": 0.8479999999999999,
    "recall": 0.72,
    "f1-score": 0.7573188686555599,
    "support": 350.0
  }
}