{
  "0": {
    "precision": 0.9551020408163265,
    "recall": 0.7878787878787878,
    "f1-score": 0.8634686346863468,
    "support": 297.0
  },
  "1": {
    "precision": 0.4,
    "recall": 0.7924528301886793,
    "f1-score": 0.5316455696202531,
    "support": 53.0
  },
  "accuracy": 0.7885714285714286,
  "macro avg": {
    "precision": 0.6775510204081633,
    "recall": 0.7901658090337336,
    "f1-score": 0.6975571021533,
    "support": 350.0
  },
  "weighted avg": {
    "precision": 0.8710437317784258,
    "recall": 0.7885714285714286,
    "f1-score": 0.8132211419763384,
    "support": 350.0
  }
}