{
  "0": {
    "precision": 0.9590163934426229,
    "recall": 0.7878787878787878,
    "f1-score": 0.8650646950092421,
    "support": 297.0
  },
  "1": {
    "precision": 0.4056603773584906,
    "recall": 0.8113207547169812,
    "f1-score": 0.5408805031446541,
    "support": 53.0
  },
  "accuracy": 0.7914285714285715,
  "macro avg": {
    "precision": 0.6823383854005567,
    "recall": 0.7995997712978845,
    "f1-score": 0.7029725990769481,
    "support": 350.0
  },
  "weighted avg": {
    "precision": 0.8752224824355972,
    "recall": 0.7914285714285715,
    "f1-score": 0.8159739459554617,
    "support": 350.0
  }
}