{
  "0": {
    "precision": 0.9239130434782609,
    "recall": 0.8585858585858586,
    "f1-score": 0.8900523560209425,
    "support": 297.0
  },
  "1": {
    "precision": 0.43243243243243246,
    "recall": 0.6037735849056604,
    "f1-score": 0.5039370078740157,
    "support": 53.0
  },
  "accuracy": 0.82,
  "macro avg": {
    "precision": 0.6781727379553466,
    "recall": 0.7311797217457594,
    "f1-score": 0.696994681947479,
    "support": 350.0
  },
  "weighted avg": {
    "precision": 0.8494888366627498,
    "recall": 0.82,
    "f1-score": 0.8315834604444079,
    "support": 350.0
  }
}