{
  "lr_score_chaser": {
    "train": {
      "threshold": 0.5,
      "auc": 0.8760937385751542,
      "ap": 0.6888086493418466,
      "accuracy": 0.7972727272727272,
      "precision": 0.43034055727554177,
      "recall": 0.7808988764044944,
      "f1": 0.5548902195608783,
      "support": 1100,
      "positive_rate": 0.1618181818181818,
      "confusion_matrix": [
        [
          738,
          184
        ],
        [
          39,
          139
        ]
      ]
    },
    "test": {
      "threshold": 0.5,
      "auc": 0.8848866018677339,
      "ap": 0.6739513349702972,
      "accuracy": 0.7914285714285715,
      "precision": 0.4056603773584906,
      "recall": 0.8113207547169812,
      "f1": 0.5408805031446541,
      "support": 350,
      "positive_rate": 0.15142857142857144,
      "confusion_matrix": [
        [
          234,
          63
        ],
        [
          10,
          43
        ]
      ]
    }
  },
  "lr_validation_guardian": {
    "train": {
      "threshold": 0.5,
      "auc": 0.8719686075702552,
      "ap": 0.69370250316556,
      "accuracy": 0.8,
      "precision": 0.4351851851851852,
      "recall": 0.7921348314606742,
      "f1": 0.5617529880478087,
      "support": 1100,
      "positive_rate": 0.1618181818181818,
      "confusion_matrix": [
        [
          739,
          183
        ],
        [
          37,
          141
        ]
      ]
    },
    "test": {
      "threshold": 0.5,
      "auc": 0.8791690489803696,
      "ap": 0.6667567339522444,
      "accuracy": 0.7885714285714286,
      "precision": 0.4,
      "recall": 0.7924528301886793,
      "f1": 0.5316455696202531,
      "support": 350,
      "positive_rate": 0.15142857142857144,
      "confusion_matrix": [
        [
          234,
          63
        ],
        [
          11,
          42
        ]
      ]
    }
  }
}