{
  "0": {
    "precision": 0.9227467811158798,
    "recall": 0.7239057239057239,
    "f1-score": 0.8113207547169812,
    "support": 297.0
  },
  "1": {
    "precision": 0.29914529914529914,
    "recall": 0.660377358490566,
    "f1-score": 0.4117647058823529,
    "support": 53.0
  },
  "accuracy": 0.7142857142857143,
  "macro avg": {
    "precision": 0.6109460401305895,
    "recall": 0.692141541198145,
    "f1-score": 0.611542730299667,
    "support": 350.0
  },
  "weighted avg": {
    "precision": 0.8283156995603348,
    "recall": 0.7142857142857143,
    "f1-score": 0.750816553036309,
    "support": 350.0
  }
}