{
  "0": {
    "precision": 0.9230769230769231,
    "recall": 0.6868686868686869,
    "f1-score": 0.7876447876447876,
    "support": 297.0
  },
  "1": {
    "precision": 0.27906976744186046,
    "recall": 0.6792452830188679,
    "f1-score": 0.3956043956043956,
    "support": 53.0
  },
  "accuracy": 0.6857142857142857,
  "macro avg": {
    "precision": 0.6010733452593918,
    "recall": 0.6830569849437773,
    "f1-score": 0.5916245916245916,
    "support": 350.0
  },
  "weighted avg": {
    "precision": 0.825555839509328,
    "recall": 0.6857142857142857,
    "f1-score": 0.7282786711358139,
    "support": 350.0
  }
}