{
  "0": {
    "precision": 0.9237668161434978,
    "recall": 0.6936026936026936,
    "f1-score": 0.7923076923076923,
    "support": 297.0
  },
  "1": {
    "precision": 0.28346456692913385,
    "recall": 0.6792452830188679,
    "f1-score": 0.4,
    "support": 53.0
  },
  "accuracy": 0.6914285714285714,
  "macro avg": {
    "precision": 0.6036156915363158,
    "recall": 0.6864239883107808,
    "f1-score": 0.5961538461538461,
    "support": 350.0
  },
  "weighted avg": {
    "precision": 0.8268067612624656,
    "recall": 0.6914285714285714,
    "f1-score": 0.7329010989010989,
    "support": 350.0
  }
}