{
  "0": {
    "precision": 0.9490740740740741,
    "recall": 0.6902356902356902,
    "f1-score": 0.7992202729044834,
    "support": 297.0
  },
  "1": {
    "precision": 0.31343283582089554,
    "recall": 0.7924528301886793,
    "f1-score": 0.44919786096256686,
    "support": 53.0
  },
  "accuracy": 0.7057142857142857,
  "macro avg": {
    "precision": 0.6312534549474849,
    "recall": 0.7413442602121847,
    "f1-score": 0.6242090669335252,
    "support": 350.0
  },
  "weighted avg": {
    "precision": 0.8528198294243071,
    "recall": 0.7057142857142857,
    "f1-score": 0.746216879096136,
    "support": 350.0
  }
}