{
  "0": {
    "precision": 0.8695652173913043,
    "recall": 0.13468013468013468,
    "f1-score": 0.23323615160349853,
    "support": 297.0
  },
  "1": {
    "precision": 0.15460526315789475,
    "recall": 0.8867924528301887,
    "f1-score": 0.26330532212885155,
    "support": 53.0
  },
  "accuracy": 0.24857142857142858,
  "macro avg": {
    "precision": 0.5120852402745996,
    "recall": 0.5107362937551617,
    "f1-score": 0.24827073686617504,
    "support": 350.0
  },
  "weighted avg": {
    "precision": 0.7612998528931023,
    "recall": 0.24857142857142858,
    "f1-score": 0.23778948314019482,
    "support": 350.0
  }
}