{
  "0": {
    "precision": 0.9288135593220339,
    "recall": 0.9225589225589226,
    "f1-score": 0.9256756756756757,
    "support": 297.0
  },
  "1": {
    "precision": 0.5818181818181818,
    "recall": 0.6037735849056604,
    "f1-score": 0.5925925925925926,
    "support": 53.0
  },
  "accuracy": 0.8742857142857143,
  "macro avg": {
    "precision": 0.7553158705701079,
    "recall": 0.7631662537322914,
    "f1-score": 0.7591341341341341,
    "support": 350.0
  },
  "weighted avg": {
    "precision": 0.8762685450143077,
    "recall": 0.8742857142857143,
    "f1-score": 0.8752373802373802,
    "support": 350.0
  }
}