{
  "0": {
    "precision": 0.9588477366255144,
    "recall": 0.7845117845117845,
    "f1-score": 0.8629629629629629,
    "support": 297.0
  },
  "1": {
    "precision": 0.40186915887850466,
    "recall": 0.8113207547169812,
    "f1-score": 0.5375,
    "support": 53.0
  },
  "accuracy": 0.7885714285714286,
  "macro avg": {
    "precision": 0.6803584477520095,
    "recall": 0.7979162696143829,
    "f1-score": 0.7002314814814814,
    "support": 350.0
  },
  "weighted avg": {
    "precision": 0.8745052662809671,
    "recall": 0.7885714285714286,
    "f1-score": 0.8136785714285715,
    "support": 350.0
  }
}