{
  "0": {
    "precision": 0.9612068965517241,
    "recall": 0.7508417508417509,
    "f1-score": 0.8431001890359168,
    "support": 297.0
  },
  "1": {
    "precision": 0.3728813559322034,
    "recall": 0.8301886792452831,
    "f1-score": 0.5146198830409356,
    "support": 53.0
  },
  "accuracy": 0.7628571428571429,
  "macro avg": {
    "precision": 0.6670441262419637,
    "recall": 0.790515215043517,
    "f1-score": 0.6788600360384263,
    "support": 350.0
  },
  "weighted avg": {
    "precision": 0.872117600400768,
    "recall": 0.7628571428571429,
    "f1-score": 0.7933588855566768,
    "support": 350.0
  }
}