{
  "0": {
    "precision": 0.9290780141843972,
    "recall": 0.8821548821548821,
    "f1-score": 0.9050086355785838,
    "support": 297.0
  },
  "1": {
    "precision": 0.4852941176470588,
    "recall": 0.6226415094339622,
    "f1-score": 0.5454545454545454,
    "support": 53.0
  },
  "accuracy": 0.8428571428571429,
  "macro avg": {
    "precision": 0.707186065915728,
    "recall": 0.7523981957944221,
    "f1-score": 0.7252315905165646,
    "support": 350.0
  },
  "weighted avg": {
    "precision": 0.8618764527087429,
    "recall": 0.8428571428571429,
    "f1-score": 0.8505618733598008,
    "support": 350.0
  }
}