{
  "0": {
    "precision": 0.9590909090909091,
    "recall": 0.7104377104377104,
    "f1-score": 0.816247582205029,
    "support": 297.0
  },
  "1": {
    "precision": 0.3384615384615385,
    "recall": 0.8301886792452831,
    "f1-score": 0.4808743169398907,
    "support": 53.0
  },
  "accuracy": 0.7285714285714285,
  "macro avg": {
    "precision": 0.6487762237762238,
    "recall": 0.7703131948414967,
    "f1-score": 0.6485609495724598,
    "support": 350.0
  },
  "weighted avg": {
    "precision": 0.8651098901098901,
    "recall": 0.7285714285714285,
    "f1-score": 0.7654624877505938,
    "support": 350.0
  }
}