{
  "0": {
    "precision": 0.937037037037037,
    "recall": 0.8518518518518519,
    "f1-score": 0.892416225749559,
    "support": 297.0
  },
  "1": {
    "precision": 0.45,
    "recall": 0.6792452830188679,
    "f1-score": 0.5413533834586466,
    "support": 53.0
  },
  "accuracy": 0.8257142857142857,
  "macro avg": {
    "precision": 0.6935185185185185,
    "recall": 0.7655485674353599,
    "f1-score": 0.7168848046041028,
    "support": 350.0
  },
  "weighted avg": {
    "precision": 0.8632857142857144,
    "recall": 0.8257142857142857,
    "f1-score": 0.8392552810597923,
    "support": 350.0
  }
}