{
  "0": {
    "precision": 0.9381818181818182,
    "recall": 0.8686868686868687,
    "f1-score": 0.9020979020979021,
    "support": 297.0
  },
  "1": {
    "precision": 0.48,
    "recall": 0.6792452830188679,
    "f1-score": 0.5625,
    "support": 53.0
  },
  "accuracy": 0.84,
  "macro avg": {
    "precision": 0.7090909090909091,
    "recall": 0.7739660758528684,
    "f1-score": 0.732298951048951,
    "support": 350.0
  },
  "weighted avg": {
    "precision": 0.8687999999999999,
    "recall": 0.84,
    "f1-score": 0.8506730769230769,
    "support": 350.0
  }
}