{
  "0": {
    "precision": 0.9446808510638298,
    "recall": 0.7474747474747475,
    "f1-score": 0.8345864661654135,
    "support": 297.0
  },
  "1": {
    "precision": 0.34782608695652173,
    "recall": 0.7547169811320755,
    "f1-score": 0.47619047619047616,
    "support": 53.0
  },
  "accuracy": 0.7485714285714286,
  "macro avg": {
    "precision": 0.6462534690101758,
    "recall": 0.7510958643034116,
    "f1-score": 0.6553884711779449,
    "support": 350.0
  },
  "weighted avg": {
    "precision": 0.8542999867847232,
    "recall": 0.7485714285714286,
    "f1-score": 0.7803150733977802,
    "support": 350.0
  }
}