{
  "0": {
    "precision": 0.9392523364485982,
    "recall": 0.6767676767676768,
    "f1-score": 0.786692759295499,
    "support": 297.0
  },
  "1": {
    "precision": 0.29411764705882354,
    "recall": 0.7547169811320755,
    "f1-score": 0.42328042328042326,
    "support": 53.0
  },
  "accuracy": 0.6885714285714286,
  "macro avg": {
    "precision": 0.6166849917537108,
    "recall": 0.7157423289498761,
    "f1-score": 0.6049865912879611,
    "support": 350.0
  },
  "weighted avg": {
    "precision": 0.8415605120552895,
    "recall": 0.6885714285714286,
    "f1-score": 0.7316617484132162,
    "support": 350.0
  }
}