{
  "0": {
    "precision": 0.9497716894977168,
    "recall": 0.7003367003367004,
    "f1-score": 0.8062015503875969,
    "support": 297.0
  },
  "1": {
    "precision": 0.32061068702290074,
    "recall": 0.7924528301886793,
    "f1-score": 0.45652173913043476,
    "support": 53.0
  },
  "accuracy": 0.7142857142857143,
  "macro avg": {
    "precision": 0.6351911882603087,
    "recall": 0.7463947652626899,
    "f1-score": 0.6313616447590158,
    "support": 350.0
  },
  "weighted avg": {
    "precision": 0.8544987376943877,
    "recall": 0.7142857142857143,
    "f1-score": 0.7532500361115123,
    "support": 350.0
  }
}