{
  "0": {
    "precision": 0.9353233830845771,
    "recall": 0.632996632996633,
    "f1-score": 0.7550200803212851,
    "support": 297.0
  },
  "1": {
    "precision": 0.2684563758389262,
    "recall": 0.7547169811320755,
    "f1-score": 0.39603960396039606,
    "support": 53.0
  },
  "accuracy": 0.6514285714285715,
  "macro avg": {
    "precision": 0.6018898794617517,
    "recall": 0.6938568070643543,
    "f1-score": 0.5755298421408406,
    "support": 350.0
  },
  "weighted avg": {
    "precision": 0.8343406648445214,
    "recall": 0.6514285714285715,
    "f1-score": 0.7006601796152077,
    "support": 350.0
  }
}