{
  "0": {
    "precision": 0.9264705882352942,
    "recall": 0.8484848484848485,
    "f1-score": 0.8857644991212654,
    "support": 297.0
  },
  "1": {
    "precision": 0.4230769230769231,
    "recall": 0.6226415094339622,
    "f1-score": 0.5038167938931297,
    "support": 53.0
  },
  "accuracy": 0.8142857142857143,
  "macro avg": {
    "precision": 0.6747737556561086,
    "recall": 0.7355631789594054,
    "f1-score": 0.6947906465071976,
    "support": 350.0
  },
  "weighted avg": {
    "precision": 0.8502424046541693,
    "recall": 0.8142857142857143,
    "f1-score": 0.8279267037581477,
    "support": 350.0
  }
}