{
  "0": {
    "precision": 0.9344262295081968,
    "recall": 0.3838383838383838,
    "f1-score": 0.5441527446300716,
    "support": 297.0
  },
  "1": {
    "precision": 0.19736842105263158,
    "recall": 0.8490566037735849,
    "f1-score": 0.3202846975088968,
    "support": 53.0
  },
  "accuracy": 0.4542857142857143,
  "macro avg": {
    "precision": 0.5658973252804141,
    "recall": 0.6164474938059844,
    "f1-score": 0.4322187210694842,
    "support": 350.0
  },
  "weighted avg": {
    "precision": 0.8228146185134969,
    "recall": 0.4542857142857143,
    "f1-score": 0.510252726066008,
    "support": 350.0
  }
}