{
  "0": {
    "precision": 0.9493087557603687,
    "recall": 0.6936026936026936,
    "f1-score": 0.8015564202334631,
    "support": 297.0
  },
  "1": {
    "precision": 0.3157894736842105,
    "recall": 0.7924528301886793,
    "f1-score": 0.45161290322580644,
    "support": 53.0
  },
  "accuracy": 0.7085714285714285,
  "macro avg": {
    "precision": 0.6325491147222896,
    "recall": 0.7430277618956864,
    "f1-score": 0.6265846617296348,
    "support": 350.0
  },
  "weighted avg": {
    "precision": 0.8533758359031219,
    "recall": 0.7085714285714285,
    "f1-score": 0.7485649733723037,
    "support": 350.0
  }
}