{
  "0": {
    "precision": 0.9419642857142857,
    "recall": 0.7104377104377104,
    "f1-score": 0.8099808061420346,
    "support": 297.0
  },
  "1": {
    "precision": 0.31746031746031744,
    "recall": 0.7547169811320755,
    "f1-score": 0.44692737430167595,
    "support": 53.0
  },
  "accuracy": 0.7171428571428572,
  "macro avg": {
    "precision": 0.6297123015873016,
    "recall": 0.732577345784893,
    "f1-score": 0.6284540902218553,
    "support": 350.0
  },
  "weighted avg": {
    "precision": 0.8473965419501133,
    "recall": 0.7171428571428572,
    "f1-score": 0.7550041436062088,
    "support": 350.0
  }
}