{
  "0": {
    "precision": 0.9288256227758007,
    "recall": 0.8787878787878788,
    "f1-score": 0.903114186851211,
    "support": 297.0
  },
  "1": {
    "precision": 0.4782608695652174,
    "recall": 0.6226415094339622,
    "f1-score": 0.5409836065573771,
    "support": 53.0
  },
  "accuracy": 0.84,
  "macro avg": {
    "precision": 0.7035432461705091,
    "recall": 0.7507146941109205,
    "f1-score": 0.7220488967042941,
    "support": 350.0
  },
  "weighted avg": {
    "precision": 0.8605972458610551,
    "recall": 0.84,
    "f1-score": 0.8482772704067163,
    "support": 350.0
  }
}