{
  "0": {
    "precision": 0.9180327868852459,
    "recall": 0.9427609427609428,
    "f1-score": 0.9302325581395349,
    "support": 297.0
  },
  "1": {
    "precision": 0.6222222222222222,
    "recall": 0.5283018867924528,
    "f1-score": 0.5714285714285714,
    "support": 53.0
  },
  "accuracy": 0.88,
  "macro avg": {
    "precision": 0.7701275045537341,
    "recall": 0.7355314147766978,
    "f1-score": 0.7508305647840532,
    "support": 350.0
  },
  "weighted avg": {
    "precision": 0.8732386156648451,
    "recall": 0.88,
    "f1-score": 0.8758993830090175,
    "support": 350.0
  }
}