{
  "0": {
    "precision": 0.9298245614035088,
    "recall": 0.8922558922558923,
    "f1-score": 0.9106529209621993,
    "support": 297.0
  },
  "1": {
    "precision": 0.5076923076923077,
    "recall": 0.6226415094339622,
    "f1-score": 0.559322033898305,
    "support": 53.0
  },
  "accuracy": 0.8514285714285714,
  "macro avg": {
    "precision": 0.7187584345479082,
    "recall": 0.7574487008449273,
    "f1-score": 0.7349874774302522,
    "support": 350.0
  },
  "weighted avg": {
    "precision": 0.8659016772700981,
    "recall": 0.8514285714285714,
    "f1-score": 0.857451386635381,
    "support": 350.0
  }
}