{
  "0": {
    "precision": 0.9455445544554455,
    "recall": 0.6430976430976431,
    "f1-score": 0.7655310621242485,
    "support": 297.0
  },
  "1": {
    "precision": 0.28378378378378377,
    "recall": 0.7924528301886793,
    "f1-score": 0.417910447761194,
    "support": 53.0
  },
  "accuracy": 0.6657142857142857,
  "macro avg": {
    "precision": 0.6146641691196146,
    "recall": 0.7177752366431611,
    "f1-score": 0.5917207549427212,
    "support": 350.0
  },
  "weighted avg": {
    "precision": 0.8453350663251652,
    "recall": 0.6657142857142857,
    "f1-score": 0.7128913690921288,
    "support": 350.0
  }
}