{
  "0": {
    "precision": 0.9302325581395349,
    "recall": 0.26936026936026936,
    "f1-score": 0.4177545691906005,
    "support": 297.0
  },
  "1": {
    "precision": 0.17803030303030304,
    "recall": 0.8867924528301887,
    "f1-score": 0.29652996845425866,
    "support": 53.0
  },
  "accuracy": 0.3628571428571429,
  "macro avg": {
    "precision": 0.554131430584919,
    "recall": 0.5780763610952291,
    "f1-score": 0.3571422688224296,
    "support": 350.0
  },
  "weighted avg": {
    "precision": 0.8163276452229941,
    "recall": 0.3628571428571429,
    "f1-score": 0.3993977010790973,
    "support": 350.0
  }
}