{
  "0": {
    "precision": 0.947136563876652,
    "recall": 0.7239057239057239,
    "f1-score": 0.8206106870229007,
    "support": 297.0
  },
  "1": {
    "precision": 0.3333333333333333,
    "recall": 0.7735849056603774,
    "f1-score": 0.4659090909090909,
    "support": 53.0
  },
  "accuracy": 0.7314285714285714,
  "macro avg": {
    "precision": 0.6402349486049926,
    "recall": 0.7487453147830507,
    "f1-score": 0.6432598889659958,
    "support": 350.0
  },
  "weighted avg": {
    "precision": 0.8541892175372352,
    "recall": 0.7314285714285714,
    "f1-score": 0.7668987310399524,
    "support": 350.0
  }
}